name,description,price,category,image_filename
Product-001,"Product-001 is a premium offering in the Electronics category, engineered with the highest quality materials and cutting-edge technology to ensure unparalleled performance. It boasts a refined design, meticulously crafted to meet rigorous industry standards and exceed customer expectations. Whether for professional use or everyday enjoyment, this product delivers consistency, durability, and exceptional value over its lifetime.",15.37,Electronics,product_001.png
Product-002,"Product-002 is a premium offering in the Groceries category, engineered with the highest quality materials and cutting-edge technology to ensure unparalleled performance. It boasts a refined design, meticulously crafted to meet rigorous industry standards and exceed customer expectations. Whether for professional use or everyday enjoyment, this product delivers consistency, durability, and exceptional value over its lifetime.",20.74,Groceries,product_002.png
Product-003,"Product-003 is a premium offering in the Clothing category, engineered with the highest quality materials and cutting-edge technology to ensure unparalleled performance. It boasts a refined design, meticulously crafted to meet rigorous industry standards and exceed customer expectations. Whether for professional use or everyday enjoyment, this product delivers consistency, durability, and exceptional value over its lifetime.",26.11,Clothing,product_003.png
Product-004,"Product-004 is a premium offering in the Furniture category, engineered with the highest quality materials and cutting-edge technology to ensure unparalleled performance. It boasts a refined design, meticulously crafted to meet rigorous industry standards and exceed customer expectations. Whether for professional use or everyday enjoyment, this product delivers consistency, durability, and exceptional value over its lifetime.",31.48,Furniture,product_004.png
Product-005,"Product-005 is a premium offering in the Home Appliances category, engineered with the highest quality materials and cutting-edge technology to ensure unparalleled performance. It boasts a refined design, meticulously crafted to meet rigorous industry standards and exceed customer expectations. Whether for professional use or everyday enjoyment, this product delivers consistency, durability, and exceptional value over its lifetime.",36.85,Home Appliances,product_005.png
Product-006,"Product-006 is a premium offering in the Electronics category, engineered with the highest quality materials and cutting-edge technology to ensure unparalleled performance. It boasts a refined design, meticulously crafted to meet rigorous industry standards and exceed customer expectations. Whether for professional use or everyday enjoyment, this product delivers consistency, durability, and exceptional value over its lifetime.",42.22,Electronics,product_006.png
Product-007,"Product-007 is a premium offering in the Groceries category, engineered with the highest quality materials and cutting-edge technology to ensure unparalleled performance. It boasts a refined design, meticulously crafted to meet rigorous industry standards and exceed customer expectations. Whether for professional use or everyday enjoyment, this product delivers consistency, durability, and exceptional value over its lifetime.",47.59,Groceries,product_007.png
Product-008,"Product-008 is a premium offering in the Clothing category, engineered with the highest quality materials and cutting-edge technology to ensure unparalleled performance. It boasts a refined design, meticulously crafted to meet rigorous industry standards and exceed customer expectations. Whether for professional use or everyday enjoyment, this product delivers consistency, durability, and exceptional value over its lifetime.",52.96,Clothing,product_008.png
Product-009,"Product-009 is a premium offering in the Furniture category, engineered with the highest quality materials and cutting-edge technology to ensure unparalleled performance. It boasts a refined design, meticulously crafted to meet rigorous industry standards and exceed customer expectations. Whether for professional use or everyday enjoyment, this product delivers consistency, durability, and exceptional value over its lifetime.",58.33,Furniture,product_009.png
Product-010,"Product-010 is a premium offering in the Home Appliances category, engineered with the highest quality materials and cutting-edge technology to ensure unparalleled performance. It boasts a refined design, meticulously crafted to meet rigorous industry standards and exceed customer expectations. Whether for professional use or everyday enjoyment, this product delivers consistency, durability, and exceptional value over its lifetime.",63.7,Home Appliances,product_010.png
Product-011,"Product-011 is a premium offering in the Electronics category, engineered with the highest quality materials and cutting-edge technology to ensure unparalleled performance. It boasts a refined design, meticulously crafted to meet rigorous industry standards and exceed customer expectations. Whether for professional use or everyday enjoyment, this product delivers consistency, durability, and exceptional value over its lifetime.",69.07,Electronics,product_011.png
Product-012,"Product-012 is a premium offering in the Groceries category, engineered with the highest quality materials and cutting-edge technology to ensure unparalleled performance. It boasts a refined design, meticulously crafted to meet rigorous industry standards and exceed customer expectations. Whether for professional use or everyday enjoyment, this product delivers consistency, durability, and exceptional value over its lifetime.",74.44,Groceries,product_012.png
Product-013,"Product-013 is a premium offering in the Clothing category, engineered with the highest quality materials and cutting-edge technology to ensure unparalleled performance. It boasts a refined design, meticulously crafted to meet rigorous industry standards and exceed customer expectations. Whether for professional use or everyday enjoyment, this product delivers consistency, durability, and exceptional value over its lifetime.",79.81,Clothing,product_013.png
Product-014,"Product-014 is a premium offering in the Furniture category, engineered with the highest quality materials and cutting-edge technology to ensure unparalleled performance. It boasts a refined design, meticulously crafted to meet rigorous industry standards and exceed customer expectations. Whether for professional use or everyday enjoyment, this product delivers consistency, durability, and exceptional value over its lifetime.",85.18,Furniture,product_014.png
Product-015,"Product-015 is a premium offering in the Home Appliances category, engineered with the highest quality materials and cutting-edge technology to ensure unparalleled performance. It boasts a refined design, meticulously crafted to meet rigorous industry standards and exceed customer expectations. Whether for professional use or everyday enjoyment, this product delivers consistency, durability, and exceptional value over its lifetime.",90.55,Home Appliances,product_015.png
Product-016,"Product-016 is a premium offering in the Electronics category, engineered with the highest quality materials and cutting-edge technology to ensure unparalleled performance. It boasts a refined design, meticulously crafted to meet rigorous industry standards and exceed customer expectations. Whether for professional use or everyday enjoyment, this product delivers consistency, durability, and exceptional value over its lifetime.",95.92,Electronics,product_016.png
Product-017,"Product-017 is a premium offering in the Groceries category, engineered with the highest quality materials and cutting-edge technology to ensure unparalleled performance. It boasts a refined design, meticulously crafted to meet rigorous industry standards and exceed customer expectations. Whether for professional use or everyday enjoyment, this product delivers consistency, durability, and exceptional value over its lifetime.",101.29,Groceries,product_017.png
Product-018,"Product-018 is a premium offering in the Clothing category, engineered with the highest quality materials and cutting-edge technology to ensure unparalleled performance. It boasts a refined design, meticulously crafted to meet rigorous industry standards and exceed customer expectations. Whether for professional use or everyday enjoyment, this product delivers consistency, durability, and exceptional value over its lifetime.",106.66,Clothing,product_018.png
Product-019,"Product-019 is a premium offering in the Furniture category, engineered with the highest quality materials and cutting-edge technology to ensure unparalleled performance. It boasts a refined design, meticulously crafted to meet rigorous industry standards and exceed customer expectations. Whether for professional use or everyday enjoyment, this product delivers consistency, durability, and exceptional value over its lifetime.",112.03,Furniture,product_019.png
Product-020,"Product-020 is a premium offering in the Home Appliances category, engineered with the highest quality materials and cutting-edge technology to ensure unparalleled performance. It boasts a refined design, meticulously crafted to meet rigorous industry standards and exceed customer expectations. Whether for professional use or everyday enjoyment, this product delivers consistency, durability, and exceptional value over its lifetime.",117.4,Home Appliances,product_020.png
Product-021,"Product-021 is a premium offering in the Electronics category, engineered with the highest quality materials and cutting-edge technology to ensure unparalleled performance. It boasts a refined design, meticulously crafted to meet rigorous industry standards and exceed customer expectations. Whether for professional use or everyday enjoyment, this product delivers consistency, durability, and exceptional value over its lifetime.",122.77,Electronics,product_021.png
Product-022,"Product-022 is a premium offering in the Groceries category, engineered with the highest quality materials and cutting-edge technology to ensure unparalleled performance. It boasts a refined design, meticulously crafted to meet rigorous industry standards and exceed customer expectations. Whether for professional use or everyday enjoyment, this product delivers consistency, durability, and exceptional value over its lifetime.",128.14,Groceries,product_022.png
Product-023,"Product-023 is a premium offering in the Clothing category, engineered with the highest quality materials and cutting-edge technology to ensure unparalleled performance. It boasts a refined design, meticulously crafted to meet rigorous industry standards and exceed customer expectations. Whether for professional use or everyday enjoyment, this product delivers consistency, durability, and exceptional value over its lifetime.",133.51,Clothing,product_023.png
Product-024,"Product-024 is a premium offering in the Furniture category, engineered with the highest quality materials and cutting-edge technology to ensure unparalleled performance. It boasts a refined design, meticulously crafted to meet rigorous industry standards and exceed customer expectations. Whether for professional use or everyday enjoyment, this product delivers consistency, durability, and exceptional value over its lifetime.",138.88,Furniture,product_024.png
Product-025,"Product-025 is a premium offering in the Home Appliances category, engineered with the highest quality materials and cutting-edge technology to ensure unparalleled performance. It boasts a refined design, meticulously crafted to meet rigorous industry standards and exceed customer expectations. Whether for professional use or everyday enjoyment, this product delivers consistency, durability, and exceptional value over its lifetime.",144.25,Home Appliances,product_025.png
Product-026,"Product-026 is a premium offering in the Electronics category, engineered with the highest quality materials and cutting-edge technology to ensure unparalleled performance. It boasts a refined design, meticulously crafted to meet rigorous industry standards and exceed customer expectations. Whether for professional use or everyday enjoyment, this product delivers consistency, durability, and exceptional value over its lifetime.",149.62,Electronics,product_026.png
Product-027,"Product-027 is a premium offering in the Groceries category, engineered with the highest quality materials and cutting-edge technology to ensure unparalleled performance. It boasts a refined design, meticulously crafted to meet rigorous industry standards and exceed customer expectations. Whether for professional use or everyday enjoyment, this product delivers consistency, durability, and exceptional value over its lifetime.",154.99,Groceries,product_027.png
Product-028,"Product-028 is a premium offering in the Clothing category, engineered with the highest quality materials and cutting-edge technology to ensure unparalleled performance. It boasts a refined design, meticulously crafted to meet rigorous industry standards and exceed customer expectations. Whether for professional use or everyday enjoyment, this product delivers consistency, durability, and exceptional value over its lifetime.",160.36,Clothing,product_028.png
Product-029,"Product-029 is a premium offering in the Furniture category, engineered with the highest quality materials and cutting-edge technology to ensure unparalleled performance. It boasts a refined design, meticulously crafted to meet rigorous industry standards and exceed customer expectations. Whether for professional use or everyday enjoyment, this product delivers consistency, durability, and exceptional value over its lifetime.",165.73,Furniture,product_029.png
Product-030,"Product-030 is a premium offering in the Home Appliances category, engineered with the highest quality materials and cutting-edge technology to ensure unparalleled performance. It boasts a refined design, meticulously crafted to meet rigorous industry standards and exceed customer expectations. Whether for professional use or everyday enjoyment, this product delivers consistency, durability, and exceptional value over its lifetime.",171.1,Home Appliances,product_030.png
Product-031,"Product-031 is a premium offering in the Electronics category, engineered with the highest quality materials and cutting-edge technology to ensure unparalleled performance. It boasts a refined design, meticulously crafted to meet rigorous industry standards and exceed customer expectations. Whether for professional use or everyday enjoyment, this product delivers consistency, durability, and exceptional value over its lifetime.",176.47,Electronics,product_031.png
Product-032,"Product-032 is a premium offering in the Groceries category, engineered with the highest quality materials and cutting-edge technology to ensure unparalleled performance. It boasts a refined design, meticulously crafted to meet rigorous industry standards and exceed customer expectations. Whether for professional use or everyday enjoyment, this product delivers consistency, durability, and exceptional value over its lifetime.",181.84,Groceries,product_032.png
Product-033,"Product-033 is a premium offering in the Clothing category, engineered with the highest quality materials and cutting-edge technology to ensure unparalleled performance. It boasts a refined design, meticulously crafted to meet rigorous industry standards and exceed customer expectations. Whether for professional use or everyday enjoyment, this product delivers consistency, durability, and exceptional value over its lifetime.",187.21,Clothing,product_033.png
Product-034,"Product-034 is a premium offering in the Furniture category, engineered with the highest quality materials and cutting-edge technology to ensure unparalleled performance. It boasts a refined design, meticulously crafted to meet rigorous industry standards and exceed customer expectations. Whether for professional use or everyday enjoyment, this product delivers consistency, durability, and exceptional value over its lifetime.",192.58,Furniture,product_034.png
Product-035,"Product-035 is a premium offering in the Home Appliances category, engineered with the highest quality materials and cutting-edge technology to ensure unparalleled performance. It boasts a refined design, meticulously crafted to meet rigorous industry standards and exceed customer expectations. Whether for professional use or everyday enjoyment, this product delivers consistency, durability, and exceptional value over its lifetime.",197.95,Home Appliances,product_035.png
Product-036,"Product-036 is a premium offering in the Electronics category, engineered with the highest quality materials and cutting-edge technology to ensure unparalleled performance. It boasts a refined design, meticulously crafted to meet rigorous industry standards and exceed customer expectations. Whether for professional use or everyday enjoyment, this product delivers consistency, durability, and exceptional value over its lifetime.",203.32,Electronics,product_036.png
Product-037,"Product-037 is a premium offering in the Groceries category, engineered with the highest quality materials and cutting-edge technology to ensure unparalleled performance. It boasts a refined design, meticulously crafted to meet rigorous industry standards and exceed customer expectations. Whether for professional use or everyday enjoyment, this product delivers consistency, durability, and exceptional value over its lifetime.",208.69,Groceries,product_037.png
Product-038,"Product-038 is a premium offering in the Clothing category, engineered with the highest quality materials and cutting-edge technology to ensure unparalleled performance. It boasts a refined design, meticulously crafted to meet rigorous industry standards and exceed customer expectations. Whether for professional use or everyday enjoyment, this product delivers consistency, durability, and exceptional value over its lifetime.",214.06,Clothing,product_038.png
Product-039,"Product-039 is a premium offering in the Furniture category, engineered with the highest quality materials and cutting-edge technology to ensure unparalleled performance. It boasts a refined design, meticulously crafted to meet rigorous industry standards and exceed customer expectations. Whether for professional use or everyday enjoyment, this product delivers consistency, durability, and exceptional value over its lifetime.",219.43,Furniture,product_039.png
Product-040,"Product-040 is a premium offering in the Home Appliances category, engineered with the highest quality materials and cutting-edge technology to ensure unparalleled performance. It boasts a refined design, meticulously crafted to meet rigorous industry standards and exceed customer expectations. Whether for professional use or everyday enjoyment, this product delivers consistency, durability, and exceptional value over its lifetime.",224.8,Home Appliances,product_040.png
Product-041,"Product-041 is a premium offering in the Electronics category, engineered with the highest quality materials and cutting-edge technology to ensure unparalleled performance. It boasts a refined design, meticulously crafted to meet rigorous industry standards and exceed customer expectations. Whether for professional use or everyday enjoyment, this product delivers consistency, durability, and exceptional value over its lifetime.",230.17,Electronics,product_041.png
Product-042,"Product-042 is a premium offering in the Groceries category, engineered with the highest quality materials and cutting-edge technology to ensure unparalleled performance. It boasts a refined design, meticulously crafted to meet rigorous industry standards and exceed customer expectations. Whether for professional use or everyday enjoyment, this product delivers consistency, durability, and exceptional value over its lifetime.",235.54,Groceries,product_042.png
Product-043,"Product-043 is a premium offering in the Clothing category, engineered with the highest quality materials and cutting-edge technology to ensure unparalleled performance. It boasts a refined design, meticulously crafted to meet rigorous industry standards and exceed customer expectations. Whether for professional use or everyday enjoyment, this product delivers consistency, durability, and exceptional value over its lifetime.",240.91,Clothing,product_043.png
Product-044,"Product-044 is a premium offering in the Furniture category, engineered with the highest quality materials and cutting-edge technology to ensure unparalleled performance. It boasts a refined design, meticulously crafted to meet rigorous industry standards and exceed customer expectations. Whether for professional use or everyday enjoyment, this product delivers consistency, durability, and exceptional value over its lifetime.",246.28,Furniture,product_044.png
Product-045,"Product-045 is a premium offering in the Home Appliances category, engineered with the highest quality materials and cutting-edge technology to ensure unparalleled performance. It boasts a refined design, meticulously crafted to meet rigorous industry standards and exceed customer expectations. Whether for professional use or everyday enjoyment, this product delivers consistency, durability, and exceptional value over its lifetime.",251.65,Home Appliances,product_045.png
Product-046,"Product-046 is a premium offering in the Electronics category, engineered with the highest quality materials and cutting-edge technology to ensure unparalleled performance. It boasts a refined design, meticulously crafted to meet rigorous industry standards and exceed customer expectations. Whether for professional use or everyday enjoyment, this product delivers consistency, durability, and exceptional value over its lifetime.",257.02,Electronics,product_046.png
Product-047,"Product-047 is a premium offering in the Groceries category, engineered with the highest quality materials and cutting-edge technology to ensure unparalleled performance. It boasts a refined design, meticulously crafted to meet rigorous industry standards and exceed customer expectations. Whether for professional use or everyday enjoyment, this product delivers consistency, durability, and exceptional value over its lifetime.",262.39,Groceries,product_047.png
Product-048,"Product-048 is a premium offering in the Clothing category, engineered with the highest quality materials and cutting-edge technology to ensure unparalleled performance. It boasts a refined design, meticulously crafted to meet rigorous industry standards and exceed customer expectations. Whether for professional use or everyday enjoyment, this product delivers consistency, durability, and exceptional value over its lifetime.",267.76,Clothing,product_048.png
Product-049,"Product-049 is a premium offering in the Furniture category, engineered with the highest quality materials and cutting-edge technology to ensure unparalleled performance. It boasts a refined design, meticulously crafted to meet rigorous industry standards and exceed customer expectations. Whether for professional use or everyday enjoyment, this product delivers consistency, durability, and exceptional value over its lifetime.",273.13,Furniture,product_049.png
Product-050,"Product-050 is a premium offering in the Home Appliances category, engineered with the highest quality materials and cutting-edge technology to ensure unparalleled performance. It boasts a refined design, meticulously crafted to meet rigorous industry standards and exceed customer expectations. Whether for professional use or everyday enjoyment, this product delivers consistency, durability, and exceptional value over its lifetime.",278.5,Home Appliances,product_050.png
Product-051,"Product-051 is a premium offering in the Electronics category, engineered with the highest quality materials and cutting-edge technology to ensure unparalleled performance. It boasts a refined design, meticulously crafted to meet rigorous industry standards and exceed customer expectations. Whether for professional use or everyday enjoyment, this product delivers consistency, durability, and exceptional value over its lifetime.",283.87,Electronics,product_051.png
Product-052,"Product-052 is a premium offering in the Groceries category, engineered with the highest quality materials and cutting-edge technology to ensure unparalleled performance. It boasts a refined design, meticulously crafted to meet rigorous industry standards and exceed customer expectations. Whether for professional use or everyday enjoyment, this product delivers consistency, durability, and exceptional value over its lifetime.",289.24,Groceries,product_052.png
Product-053,"Product-053 is a premium offering in the Clothing category, engineered with the highest quality materials and cutting-edge technology to ensure unparalleled performance. It boasts a refined design, meticulously crafted to meet rigorous industry standards and exceed customer expectations. Whether for professional use or everyday enjoyment, this product delivers consistency, durability, and exceptional value over its lifetime.",294.61,Clothing,product_053.png
Product-054,"Product-054 is a premium offering in the Furniture category, engineered with the highest quality materials and cutting-edge technology to ensure unparalleled performance. It boasts a refined design, meticulously crafted to meet rigorous industry standards and exceed customer expectations. Whether for professional use or everyday enjoyment, this product delivers consistency, durability, and exceptional value over its lifetime.",299.98,Furniture,product_054.png
Product-055,"Product-055 is a premium offering in the Home Appliances category, engineered with the highest quality materials and cutting-edge technology to ensure unparalleled performance. It boasts a refined design, meticulously crafted to meet rigorous industry standards and exceed customer expectations. Whether for professional use or everyday enjoyment, this product delivers consistency, durability, and exceptional value over its lifetime.",305.35,Home Appliances,product_055.png
Product-056,"Product-056 is a premium offering in the Electronics category, engineered with the highest quality materials and cutting-edge technology to ensure unparalleled performance. It boasts a refined design, meticulously crafted to meet rigorous industry standards and exceed customer expectations. Whether for professional use or everyday enjoyment, this product delivers consistency, durability, and exceptional value over its lifetime.",310.72,Electronics,product_056.png
Product-057,"Product-057 is a premium offering in the Groceries category, engineered with the highest quality materials and cutting-edge technology to ensure unparalleled performance. It boasts a refined design, meticulously crafted to meet rigorous industry standards and exceed customer expectations. Whether for professional use or everyday enjoyment, this product delivers consistency, durability, and exceptional value over its lifetime.",316.09,Groceries,product_057.png
Product-058,"Product-058 is a premium offering in the Clothing category, engineered with the highest quality materials and cutting-edge technology to ensure unparalleled performance. It boasts a refined design, meticulously crafted to meet rigorous industry standards and exceed customer expectations. Whether for professional use or everyday enjoyment, this product delivers consistency, durability, and exceptional value over its lifetime.",321.46,Clothing,product_058.png
Product-059,"Product-059 is a premium offering in the Furniture category, engineered with the highest quality materials and cutting-edge technology to ensure unparalleled performance. It boasts a refined design, meticulously crafted to meet rigorous industry standards and exceed customer expectations. Whether for professional use or everyday enjoyment, this product delivers consistency, durability, and exceptional value over its lifetime.",326.83,Furniture,product_059.png
Product-060,"Product-060 is a premium offering in the Home Appliances category, engineered with the highest quality materials and cutting-edge technology to ensure unparalleled performance. It boasts a refined design, meticulously crafted to meet rigorous industry standards and exceed customer expectations. Whether for professional use or everyday enjoyment, this product delivers consistency, durability, and exceptional value over its lifetime.",332.2,Home Appliances,product_060.png
Product-061,"Product-061 is a premium offering in the Electronics category, engineered with the highest quality materials and cutting-edge technology to ensure unparalleled performance. It boasts a refined design, meticulously crafted to meet rigorous industry standards and exceed customer expectations. Whether for professional use or everyday enjoyment, this product delivers consistency, durability, and exceptional value over its lifetime.",337.57,Electronics,product_061.png
Product-062,"Product-062 is a premium offering in the Groceries category, engineered with the highest quality materials and cutting-edge technology to ensure unparalleled performance. It boasts a refined design, meticulously crafted to meet rigorous industry standards and exceed customer expectations. Whether for professional use or everyday enjoyment, this product delivers consistency, durability, and exceptional value over its lifetime.",342.94,Groceries,product_062.png
Product-063,"Product-063 is a premium offering in the Clothing category, engineered with the highest quality materials and cutting-edge technology to ensure unparalleled performance. It boasts a refined design, meticulously crafted to meet rigorous industry standards and exceed customer expectations. Whether for professional use or everyday enjoyment, this product delivers consistency, durability, and exceptional value over its lifetime.",348.31,Clothing,product_063.png
Product-064,"Product-064 is a premium offering in the Furniture category, engineered with the highest quality materials and cutting-edge technology to ensure unparalleled performance. It boasts a refined design, meticulously crafted to meet rigorous industry standards and exceed customer expectations. Whether for professional use or everyday enjoyment, this product delivers consistency, durability, and exceptional value over its lifetime.",353.68,Furniture,product_064.png
Product-065,"Product-065 is a premium offering in the Home Appliances category, engineered with the highest quality materials and cutting-edge technology to ensure unparalleled performance. It boasts a refined design, meticulously crafted to meet rigorous industry standards and exceed customer expectations. Whether for professional use or everyday enjoyment, this product delivers consistency, durability, and exceptional value over its lifetime.",359.05,Home Appliances,product_065.png
Product-066,"Product-066 is a premium offering in the Electronics category, engineered with the highest quality materials and cutting-edge technology to ensure unparalleled performance. It boasts a refined design, meticulously crafted to meet rigorous industry standards and exceed customer expectations. Whether for professional use or everyday enjoyment, this product delivers consistency, durability, and exceptional value over its lifetime.",364.42,Electronics,product_066.png
Product-067,"Product-067 is a premium offering in the Groceries category, engineered with the highest quality materials and cutting-edge technology to ensure unparalleled performance. It boasts a refined design, meticulously crafted to meet rigorous industry standards and exceed customer expectations. Whether for professional use or everyday enjoyment, this product delivers consistency, durability, and exceptional value over its lifetime.",369.79,Groceries,product_067.png
Product-068,"Product-068 is a premium offering in the Clothing category, engineered with the highest quality materials and cutting-edge technology to ensure unparalleled performance. It boasts a refined design, meticulously crafted to meet rigorous industry standards and exceed customer expectations. Whether for professional use or everyday enjoyment, this product delivers consistency, durability, and exceptional value over its lifetime.",375.16,Clothing,product_068.png
Product-069,"Product-069 is a premium offering in the Furniture category, engineered with the highest quality materials and cutting-edge technology to ensure unparalleled performance. It boasts a refined design, meticulously crafted to meet rigorous industry standards and exceed customer expectations. Whether for professional use or everyday enjoyment, this product delivers consistency, durability, and exceptional value over its lifetime.",380.53,Furniture,product_069.png
Product-070,"Product-070 is a premium offering in the Home Appliances category, engineered with the highest quality materials and cutting-edge technology to ensure unparalleled performance. It boasts a refined design, meticulously crafted to meet rigorous industry standards and exceed customer expectations. Whether for professional use or everyday enjoyment, this product delivers consistency, durability, and exceptional value over its lifetime.",385.9,Home Appliances,product_070.png
Product-071,"Product-071 is a premium offering in the Electronics category, engineered with the highest quality materials and cutting-edge technology to ensure unparalleled performance. It boasts a refined design, meticulously crafted to meet rigorous industry standards and exceed customer expectations. Whether for professional use or everyday enjoyment, this product delivers consistency, durability, and exceptional value over its lifetime.",391.27,Electronics,product_071.png
Product-072,"Product-072 is a premium offering in the Groceries category, engineered with the highest quality materials and cutting-edge technology to ensure unparalleled performance. It boasts a refined design, meticulously crafted to meet rigorous industry standards and exceed customer expectations. Whether for professional use or everyday enjoyment, this product delivers consistency, durability, and exceptional value over its lifetime.",396.64,Groceries,product_072.png
Product-073,"Product-073 is a premium offering in the Clothing category, engineered with the highest quality materials and cutting-edge technology to ensure unparalleled performance. It boasts a refined design, meticulously crafted to meet rigorous industry standards and exceed customer expectations. Whether for professional use or everyday enjoyment, this product delivers consistency, durability, and exceptional value over its lifetime.",402.01,Clothing,product_073.png
Product-074,"Product-074 is a premium offering in the Furniture category, engineered with the highest quality materials and cutting-edge technology to ensure unparalleled performance. It boasts a refined design, meticulously crafted to meet rigorous industry standards and exceed customer expectations. Whether for professional use or everyday enjoyment, this product delivers consistency, durability, and exceptional value over its lifetime.",407.38,Furniture,product_074.png
Product-075,"Product-075 is a premium offering in the Home Appliances category, engineered with the highest quality materials and cutting-edge technology to ensure unparalleled performance. It boasts a refined design, meticulously crafted to meet rigorous industry standards and exceed customer expectations. Whether for professional use or everyday enjoyment, this product delivers consistency, durability, and exceptional value over its lifetime.",412.75,Home Appliances,product_075.png
Product-076,"Product-076 is a premium offering in the Electronics category, engineered with the highest quality materials and cutting-edge technology to ensure unparalleled performance. It boasts a refined design, meticulously crafted to meet rigorous industry standards and exceed customer expectations. Whether for professional use or everyday enjoyment, this product delivers consistency, durability, and exceptional value over its lifetime.",418.12,Electronics,product_076.png
Product-077,"Product-077 is a premium offering in the Groceries category, engineered with the highest quality materials and cutting-edge technology to ensure unparalleled performance. It boasts a refined design, meticulously crafted to meet rigorous industry standards and exceed customer expectations. Whether for professional use or everyday enjoyment, this product delivers consistency, durability, and exceptional value over its lifetime.",423.49,Groceries,product_077.png
Product-078,"Product-078 is a premium offering in the Clothing category, engineered with the highest quality materials and cutting-edge technology to ensure unparalleled performance. It boasts a refined design, meticulously crafted to meet rigorous industry standards and exceed customer expectations. Whether for professional use or everyday enjoyment, this product delivers consistency, durability, and exceptional value over its lifetime.",428.86,Clothing,product_078.png
Product-079,"Product-079 is a premium offering in the Furniture category, engineered with the highest quality materials and cutting-edge technology to ensure unparalleled performance. It boasts a refined design, meticulously crafted to meet rigorous industry standards and exceed customer expectations. Whether for professional use or everyday enjoyment, this product delivers consistency, durability, and exceptional value over its lifetime.",434.23,Furniture,product_079.png
Product-080,"Product-080 is a premium offering in the Home Appliances category, engineered with the highest quality materials and cutting-edge technology to ensure unparalleled performance. It boasts a refined design, meticulously crafted to meet rigorous industry standards and exceed customer expectations. Whether for professional use or everyday enjoyment, this product delivers consistency, durability, and exceptional value over its lifetime.",439.6,Home Appliances,product_080.png
Product-081,"Product-081 is a premium offering in the Electronics category, engineered with the highest quality materials and cutting-edge technology to ensure unparalleled performance. It boasts a refined design, meticulously crafted to meet rigorous industry standards and exceed customer expectations. Whether for professional use or everyday enjoyment, this product delivers consistency, durability, and exceptional value over its lifetime.",444.97,Electronics,product_081.png
Product-082,"Product-082 is a premium offering in the Groceries category, engineered with the highest quality materials and cutting-edge technology to ensure unparalleled performance. It boasts a refined design, meticulously crafted to meet rigorous industry standards and exceed customer expectations. Whether for professional use or everyday enjoyment, this product delivers consistency, durability, and exceptional value over its lifetime.",450.34,Groceries,product_082.png
Product-083,"Product-083 is a premium offering in the Clothing category, engineered with the highest quality materials and cutting-edge technology to ensure unparalleled performance. It boasts a refined design, meticulously crafted to meet rigorous industry standards and exceed customer expectations. Whether for professional use or everyday enjoyment, this product delivers consistency, durability, and exceptional value over its lifetime.",455.71,Clothing,product_083.png
Product-084,"Product-084 is a premium offering in the Furniture category, engineered with the highest quality materials and cutting-edge technology to ensure unparalleled performance. It boasts a refined design, meticulously crafted to meet rigorous industry standards and exceed customer expectations. Whether for professional use or everyday enjoyment, this product delivers consistency, durability, and exceptional value over its lifetime.",461.08,Furniture,product_084.png
Product-085,"Product-085 is a premium offering in the Home Appliances category, engineered with the highest quality materials and cutting-edge technology to ensure unparalleled performance. It boasts a refined design, meticulously crafted to meet rigorous industry standards and exceed customer expectations. Whether for professional use or everyday enjoyment, this product delivers consistency, durability, and exceptional value over its lifetime.",466.45,Home Appliances,product_085.png
Product-086,"Product-086 is a premium offering in the Electronics category, engineered with the highest quality materials and cutting-edge technology to ensure unparalleled performance. It boasts a refined design, meticulously crafted to meet rigorous industry standards and exceed customer expectations. Whether for professional use or everyday enjoyment, this product delivers consistency, durability, and exceptional value over its lifetime.",471.82,Electronics,product_086.png
Product-087,"Product-087 is a premium offering in the Groceries category, engineered with the highest quality materials and cutting-edge technology to ensure unparalleled performance. It boasts a refined design, meticulously crafted to meet rigorous industry standards and exceed customer expectations. Whether for professional use or everyday enjoyment, this product delivers consistency, durability, and exceptional value over its lifetime.",477.19,Groceries,product_087.png
Product-088,"Product-088 is a premium offering in the Clothing category, engineered with the highest quality materials and cutting-edge technology to ensure unparalleled performance. It boasts a refined design, meticulously crafted to meet rigorous industry standards and exceed customer expectations. Whether for professional use or everyday enjoyment, this product delivers consistency, durability, and exceptional value over its lifetime.",482.56,Clothing,product_088.png
Product-089,"Product-089 is a premium offering in the Furniture category, engineered with the highest quality materials and cutting-edge technology to ensure unparalleled performance. It boasts a refined design, meticulously crafted to meet rigorous industry standards and exceed customer expectations. Whether for professional use or everyday enjoyment, this product delivers consistency, durability, and exceptional value over its lifetime.",487.93,Furniture,product_089.png
Product-090,"Product-090 is a premium offering in the Home Appliances category, engineered with the highest quality materials and cutting-edge technology to ensure unparalleled performance. It boasts a refined design, meticulously crafted to meet rigorous industry standards and exceed customer expectations. Whether for professional use or everyday enjoyment, this product delivers consistency, durability, and exceptional value over its lifetime.",493.3,Home Appliances,product_090.png
Product-091,"Product-091 is a premium offering in the Electronics category, engineered with the highest quality materials and cutting-edge technology to ensure unparalleled performance. It boasts a refined design, meticulously crafted to meet rigorous industry standards and exceed customer expectations. Whether for professional use or everyday enjoyment, this product delivers consistency, durability, and exceptional value over its lifetime.",498.67,Electronics,product_091.png
Product-092,"Product-092 is a premium offering in the Groceries category, engineered with the highest quality materials and cutting-edge technology to ensure unparalleled performance. It boasts a refined design, meticulously crafted to meet rigorous industry standards and exceed customer expectations. Whether for professional use or everyday enjoyment, this product delivers consistency, durability, and exceptional value over its lifetime.",504.04,Groceries,product_092.png
Product-093,"Product-093 is a premium offering in the Clothing category, engineered with the highest quality materials and cutting-edge technology to ensure unparalleled performance. It boasts a refined design, meticulously crafted to meet rigorous industry standards and exceed customer expectations. Whether for professional use or everyday enjoyment, this product delivers consistency, durability, and exceptional value over its lifetime.",509.41,Clothing,product_093.png
Product-094,"Product-094 is a premium offering in the Furniture category, engineered with the highest quality materials and cutting-edge technology to ensure unparalleled performance. It boasts a refined design, meticulously crafted to meet rigorous industry standards and exceed customer expectations. Whether for professional use or everyday enjoyment, this product delivers consistency, durability, and exceptional value over its lifetime.",514.78,Furniture,product_094.png
Product-095,"Product-095 is a premium offering in the Home Appliances category, engineered with the highest quality materials and cutting-edge technology to ensure unparalleled performance. It boasts a refined design, meticulously crafted to meet rigorous industry standards and exceed customer expectations. Whether for professional use or everyday enjoyment, this product delivers consistency, durability, and exceptional value over its lifetime.",520.15,Home Appliances,product_095.png
Product-096,"Product-096 is a premium offering in the Electronics category, engineered with the highest quality materials and cutting-edge technology to ensure unparalleled performance. It boasts a refined design, meticulously crafted to meet rigorous industry standards and exceed customer expectations. Whether for professional use or everyday enjoyment, this product delivers consistency, durability, and exceptional value over its lifetime.",525.52,Electronics,product_096.png
Product-097,"Product-097 is a premium offering in the Groceries category, engineered with the highest quality materials and cutting-edge technology to ensure unparalleled performance. It boasts a refined design, meticulously crafted to meet rigorous industry standards and exceed customer expectations. Whether for professional use or everyday enjoyment, this product delivers consistency, durability, and exceptional value over its lifetime.",530.89,Groceries,product_097.png
Product-098,"Product-098 is a premium offering in the Clothing category, engineered with the highest quality materials and cutting-edge technology to ensure unparalleled performance. It boasts a refined design, meticulously crafted to meet rigorous industry standards and exceed customer expectations. Whether for professional use or everyday enjoyment, this product delivers consistency, durability, and exceptional value over its lifetime.",536.26,Clothing,product_098.png
Product-099,"Product-099 is a premium offering in the Furniture category, engineered with the highest quality materials and cutting-edge technology to ensure unparalleled performance. It boasts a refined design, meticulously crafted to meet rigorous industry standards and exceed customer expectations. Whether for professional use or everyday enjoyment, this product delivers consistency, durability, and exceptional value over its lifetime.",541.63,Furniture,product_099.png
Product-100,"Product-100 is a premium offering in the Home Appliances category, engineered with the highest quality materials and cutting-edge technology to ensure unparalleled performance. It boasts a refined design, meticulously crafted to meet rigorous industry standards and exceed customer expectations. Whether for professional use or everyday enjoyment, this product delivers consistency, durability, and exceptional value over its lifetime.",547.0,Home Appliances,product_100.png
Product-101,"Product-101 is a premium offering in the Electronics category, engineered with the highest quality materials and cutting-edge technology to ensure unparalleled performance. It boasts a refined design, meticulously crafted to meet rigorous industry standards and exceed customer expectations. Whether for professional use or everyday enjoyment, this product delivers consistency, durability, and exceptional value over its lifetime.",552.37,Electronics,product_101.png
Product-102,"Product-102 is a premium offering in the Groceries category, engineered with the highest quality materials and cutting-edge technology to ensure unparalleled performance. It boasts a refined design, meticulously crafted to meet rigorous industry standards and exceed customer expectations. Whether for professional use or everyday enjoyment, this product delivers consistency, durability, and exceptional value over its lifetime.",557.74,Groceries,product_102.png
Product-103,"Product-103 is a premium offering in the Clothing category, engineered with the highest quality materials and cutting-edge technology to ensure unparalleled performance. It boasts a refined design, meticulously crafted to meet rigorous industry standards and exceed customer expectations. Whether for professional use or everyday enjoyment, this product delivers consistency, durability, and exceptional value over its lifetime.",563.11,Clothing,product_103.png
Product-104,"Product-104 is a premium offering in the Furniture category, engineered with the highest quality materials and cutting-edge technology to ensure unparalleled performance. It boasts a refined design, meticulously crafted to meet rigorous industry standards and exceed customer expectations. Whether for professional use or everyday enjoyment, this product delivers consistency, durability, and exceptional value over its lifetime.",568.48,Furniture,product_104.png
Product-105,"Product-105 is a premium offering in the Home Appliances category, engineered with the highest quality materials and cutting-edge technology to ensure unparalleled performance. It boasts a refined design, meticulously crafted to meet rigorous industry standards and exceed customer expectations. Whether for professional use or everyday enjoyment, this product delivers consistency, durability, and exceptional value over its lifetime.",573.85,Home Appliances,product_105.png
Product-106,"Product-106 is a premium offering in the Electronics category, engineered with the highest quality materials and cutting-edge technology to ensure unparalleled performance. It boasts a refined design, meticulously crafted to meet rigorous industry standards and exceed customer expectations. Whether for professional use or everyday enjoyment, this product delivers consistency, durability, and exceptional value over its lifetime.",579.22,Electronics,product_106.png
Product-107,"Product-107 is a premium offering in the Groceries category, engineered with the highest quality materials and cutting-edge technology to ensure unparalleled performance. It boasts a refined design, meticulously crafted to meet rigorous industry standards and exceed customer expectations. Whether for professional use or everyday enjoyment, this product delivers consistency, durability, and exceptional value over its lifetime.",584.59,Groceries,product_107.png
Product-108,"Product-108 is a premium offering in the Clothing category, engineered with the highest quality materials and cutting-edge technology to ensure unparalleled performance. It boasts a refined design, meticulously crafted to meet rigorous industry standards and exceed customer expectations. Whether for professional use or everyday enjoyment, this product delivers consistency, durability, and exceptional value over its lifetime.",589.96,Clothing,product_108.png
Product-109,"Product-109 is a premium offering in the Furniture category, engineered with the highest quality materials and cutting-edge technology to ensure unparalleled performance. It boasts a refined design, meticulously crafted to meet rigorous industry standards and exceed customer expectations. Whether for professional use or everyday enjoyment, this product delivers consistency, durability, and exceptional value over its lifetime.",595.33,Furniture,product_109.png
Product-110,"Product-110 is a premium offering in the Home Appliances category, engineered with the highest quality materials and cutting-edge technology to ensure unparalleled performance. It boasts a refined design, meticulously crafted to meet rigorous industry standards and exceed customer expectations. Whether for professional use or everyday enjoyment, this product delivers consistency, durability, and exceptional value over its lifetime.",600.7,Home Appliances,product_110.png
Product-111,"Product-111 is a premium offering in the Electronics category, engineered with the highest quality materials and cutting-edge technology to ensure unparalleled performance. It boasts a refined design, meticulously crafted to meet rigorous industry standards and exceed customer expectations. Whether for professional use or everyday enjoyment, this product delivers consistency, durability, and exceptional value over its lifetime.",606.07,Electronics,product_111.png
Product-112,"Product-112 is a premium offering in the Groceries category, engineered with the highest quality materials and cutting-edge technology to ensure unparalleled performance. It boasts a refined design, meticulously crafted to meet rigorous industry standards and exceed customer expectations. Whether for professional use or everyday enjoyment, this product delivers consistency, durability, and exceptional value over its lifetime.",611.44,Groceries,product_112.png
Product-113,"Product-113 is a premium offering in the Clothing category, engineered with the highest quality materials and cutting-edge technology to ensure unparalleled performance. It boasts a refined design, meticulously crafted to meet rigorous industry standards and exceed customer expectations. Whether for professional use or everyday enjoyment, this product delivers consistency, durability, and exceptional value over its lifetime.",616.81,Clothing,product_113.png
Product-114,"Product-114 is a premium offering in the Furniture category, engineered with the highest quality materials and cutting-edge technology to ensure unparalleled performance. It boasts a refined design, meticulously crafted to meet rigorous industry standards and exceed customer expectations. Whether for professional use or everyday enjoyment, this product delivers consistency, durability, and exceptional value over its lifetime.",622.18,Furniture,product_114.png
Product-115,"Product-115 is a premium offering in the Home Appliances category, engineered with the highest quality materials and cutting-edge technology to ensure unparalleled performance. It boasts a refined design, meticulously crafted to meet rigorous industry standards and exceed customer expectations. Whether for professional use or everyday enjoyment, this product delivers consistency, durability, and exceptional value over its lifetime.",627.55,Home Appliances,product_115.png
Product-116,"Product-116 is a premium offering in the Electronics category, engineered with the highest quality materials and cutting-edge technology to ensure unparalleled performance. It boasts a refined design, meticulously crafted to meet rigorous industry standards and exceed customer expectations. Whether for professional use or everyday enjoyment, this product delivers consistency, durability, and exceptional value over its lifetime.",632.92,Electronics,product_116.png
Product-117,"Product-117 is a premium offering in the Groceries category, engineered with the highest quality materials and cutting-edge technology to ensure unparalleled performance. It boasts a refined design, meticulously crafted to meet rigorous industry standards and exceed customer expectations. Whether for professional use or everyday enjoyment, this product delivers consistency, durability, and exceptional value over its lifetime.",638.29,Groceries,product_117.png
Product-118,"Product-118 is a premium offering in the Clothing category, engineered with the highest quality materials and cutting-edge technology to ensure unparalleled performance. It boasts a refined design, meticulously crafted to meet rigorous industry standards and exceed customer expectations. Whether for professional use or everyday enjoyment, this product delivers consistency, durability, and exceptional value over its lifetime.",643.66,Clothing,product_118.png
Product-119,"Product-119 is a premium offering in the Furniture category, engineered with the highest quality materials and cutting-edge technology to ensure unparalleled performance. It boasts a refined design, meticulously crafted to meet rigorous industry standards and exceed customer expectations. Whether for professional use or everyday enjoyment, this product delivers consistency, durability, and exceptional value over its lifetime.",649.03,Furniture,product_119.png
Product-120,"Product-120 is a premium offering in the Home Appliances category, engineered with the highest quality materials and cutting-edge technology to ensure unparalleled performance. It boasts a refined design, meticulously crafted to meet rigorous industry standards and exceed customer expectations. Whether for professional use or everyday enjoyment, this product delivers consistency, durability, and exceptional value over its lifetime.",654.4,Home Appliances,product_120.png
Product-121,"Product-121 is a premium offering in the Electronics category, engineered with the highest quality materials and cutting-edge technology to ensure unparalleled performance. It boasts a refined design, meticulously crafted to meet rigorous industry standards and exceed customer expectations. Whether for professional use or everyday enjoyment, this product delivers consistency, durability, and exceptional value over its lifetime.",659.77,Electronics,product_121.png
Product-122,"Product-122 is a premium offering in the Groceries category, engineered with the highest quality materials and cutting-edge technology to ensure unparalleled performance. It boasts a refined design, meticulously crafted to meet rigorous industry standards and exceed customer expectations. Whether for professional use or everyday enjoyment, this product delivers consistency, durability, and exceptional value over its lifetime.",665.14,Groceries,product_122.png
Product-123,"Product-123 is a premium offering in the Clothing category, engineered with the highest quality materials and cutting-edge technology to ensure unparalleled performance. It boasts a refined design, meticulously crafted to meet rigorous industry standards and exceed customer expectations. Whether for professional use or everyday enjoyment, this product delivers consistency, durability, and exceptional value over its lifetime.",670.51,Clothing,product_123.png
Product-124,"Product-124 is a premium offering in the Furniture category, engineered with the highest quality materials and cutting-edge technology to ensure unparalleled performance. It boasts a refined design, meticulously crafted to meet rigorous industry standards and exceed customer expectations. Whether for professional use or everyday enjoyment, this product delivers consistency, durability, and exceptional value over its lifetime.",675.88,Furniture,product_124.png
Product-125,"Product-125 is a premium offering in the Home Appliances category, engineered with the highest quality materials and cutting-edge technology to ensure unparalleled performance. It boasts a refined design, meticulously crafted to meet rigorous industry standards and exceed customer expectations. Whether for professional use or everyday enjoyment, this product delivers consistency, durability, and exceptional value over its lifetime.",681.25,Home Appliances,product_125.png
Product-126,"Product-126 is a premium offering in the Electronics category, engineered with the highest quality materials and cutting-edge technology to ensure unparalleled performance. It boasts a refined design, meticulously crafted to meet rigorous industry standards and exceed customer expectations. Whether for professional use or everyday enjoyment, this product delivers consistency, durability, and exceptional value over its lifetime.",686.62,Electronics,product_126.png
Product-127,"Product-127 is a premium offering in the Groceries category, engineered with the highest quality materials and cutting-edge technology to ensure unparalleled performance. It boasts a refined design, meticulously crafted to meet rigorous industry standards and exceed customer expectations. Whether for professional use or everyday enjoyment, this product delivers consistency, durability, and exceptional value over its lifetime.",691.99,Groceries,product_127.png
Product-128,"Product-128 is a premium offering in the Clothing category, engineered with the highest quality materials and cutting-edge technology to ensure unparalleled performance. It boasts a refined design, meticulously crafted to meet rigorous industry standards and exceed customer expectations. Whether for professional use or everyday enjoyment, this product delivers consistency, durability, and exceptional value over its lifetime.",697.36,Clothing,product_128.png
Product-129,"Product-129 is a premium offering in the Furniture category, engineered with the highest quality materials and cutting-edge technology to ensure unparalleled performance. It boasts a refined design, meticulously crafted to meet rigorous industry standards and exceed customer expectations. Whether for professional use or everyday enjoyment, this product delivers consistency, durability, and exceptional value over its lifetime.",702.73,Furniture,product_129.png
Product-130,"Product-130 is a premium offering in the Home Appliances category, engineered with the highest quality materials and cutting-edge technology to ensure unparalleled performance. It boasts a refined design, meticulously crafted to meet rigorous industry standards and exceed customer expectations. Whether for professional use or everyday enjoyment, this product delivers consistency, durability, and exceptional value over its lifetime.",708.1,Home Appliances,product_130.png
Product-131,"Product-131 is a premium offering in the Electronics category, engineered with the highest quality materials and cutting-edge technology to ensure unparalleled performance. It boasts a refined design, meticulously crafted to meet rigorous industry standards and exceed customer expectations. Whether for professional use or everyday enjoyment, this product delivers consistency, durability, and exceptional value over its lifetime.",713.47,Electronics,product_131.png
Product-132,"Product-132 is a premium offering in the Groceries category, engineered with the highest quality materials and cutting-edge technology to ensure unparalleled performance. It boasts a refined design, meticulously crafted to meet rigorous industry standards and exceed customer expectations. Whether for professional use or everyday enjoyment, this product delivers consistency, durability, and exceptional value over its lifetime.",718.84,Groceries,product_132.png
Product-133,"Product-133 is a premium offering in the Clothing category, engineered with the highest quality materials and cutting-edge technology to ensure unparalleled performance. It boasts a refined design, meticulously crafted to meet rigorous industry standards and exceed customer expectations. Whether for professional use or everyday enjoyment, this product delivers consistency, durability, and exceptional value over its lifetime.",724.21,Clothing,product_133.png
Product-134,"Product-134 is a premium offering in the Furniture category, engineered with the highest quality materials and cutting-edge technology to ensure unparalleled performance. It boasts a refined design, meticulously crafted to meet rigorous industry standards and exceed customer expectations. Whether for professional use or everyday enjoyment, this product delivers consistency, durability, and exceptional value over its lifetime.",729.58,Furniture,product_134.png
Product-135,"Product-135 is a premium offering in the Home Appliances category, engineered with the highest quality materials and cutting-edge technology to ensure unparalleled performance. It boasts a refined design, meticulously crafted to meet rigorous industry standards and exceed customer expectations. Whether for professional use or everyday enjoyment, this product delivers consistency, durability, and exceptional value over its lifetime.",734.95,Home Appliances,product_135.png
Product-136,"Product-136 is a premium offering in the Electronics category, engineered with the highest quality materials and cutting-edge technology to ensure unparalleled performance. It boasts a refined design, meticulously crafted to meet rigorous industry standards and exceed customer expectations. Whether for professional use or everyday enjoyment, this product delivers consistency, durability, and exceptional value over its lifetime.",740.32,Electronics,product_136.png
Product-137,"Product-137 is a premium offering in the Groceries category, engineered with the highest quality materials and cutting-edge technology to ensure unparalleled performance. It boasts a refined design, meticulously crafted to meet rigorous industry standards and exceed customer expectations. Whether for professional use or everyday enjoyment, this product delivers consistency, durability, and exceptional value over its lifetime.",745.69,Groceries,product_137.png
Product-138,"Product-138 is a premium offering in the Clothing category, engineered with the highest quality materials and cutting-edge technology to ensure unparalleled performance. It boasts a refined design, meticulously crafted to meet rigorous industry standards and exceed customer expectations. Whether for professional use or everyday enjoyment, this product delivers consistency, durability, and exceptional value over its lifetime.",751.06,Clothing,product_138.png
Product-139,"Product-139 is a premium offering in the Furniture category, engineered with the highest quality materials and cutting-edge technology to ensure unparalleled performance. It boasts a refined design, meticulously crafted to meet rigorous industry standards and exceed customer expectations. Whether for professional use or everyday enjoyment, this product delivers consistency, durability, and exceptional value over its lifetime.",756.43,Furniture,product_139.png
Product-140,"Product-140 is a premium offering in the Home Appliances category, engineered with the highest quality materials and cutting-edge technology to ensure unparalleled performance. It boasts a refined design, meticulously crafted to meet rigorous industry standards and exceed customer expectations. Whether for professional use or everyday enjoyment, this product delivers consistency, durability, and exceptional value over its lifetime.",761.8,Home Appliances,product_140.png
Product-141,"Product-141 is a premium offering in the Electronics category, engineered with the highest quality materials and cutting-edge technology to ensure unparalleled performance. It boasts a refined design, meticulously crafted to meet rigorous industry standards and exceed customer expectations. Whether for professional use or everyday enjoyment, this product delivers consistency, durability, and exceptional value over its lifetime.",767.17,Electronics,product_141.png
Product-142,"Product-142 is a premium offering in the Groceries category, engineered with the highest quality materials and cutting-edge technology to ensure unparalleled performance. It boasts a refined design, meticulously crafted to meet rigorous industry standards and exceed customer expectations. Whether for professional use or everyday enjoyment, this product delivers consistency, durability, and exceptional value over its lifetime.",772.54,Groceries,product_142.png
Product-143,"Product-143 is a premium offering in the Clothing category, engineered with the highest quality materials and cutting-edge technology to ensure unparalleled performance. It boasts a refined design, meticulously crafted to meet rigorous industry standards and exceed customer expectations. Whether for professional use or everyday enjoyment, this product delivers consistency, durability, and exceptional value over its lifetime.",777.91,Clothing,product_143.png
Product-144,"Product-144 is a premium offering in the Furniture category, engineered with the highest quality materials and cutting-edge technology to ensure unparalleled performance. It boasts a refined design, meticulously crafted to meet rigorous industry standards and exceed customer expectations. Whether for professional use or everyday enjoyment, this product delivers consistency, durability, and exceptional value over its lifetime.",783.28,Furniture,product_144.png
Product-145,"Product-145 is a premium offering in the Home Appliances category, engineered with the highest quality materials and cutting-edge technology to ensure unparalleled performance. It boasts a refined design, meticulously crafted to meet rigorous industry standards and exceed customer expectations. Whether for professional use or everyday enjoyment, this product delivers consistency, durability, and exceptional value over its lifetime.",788.65,Home Appliances,product_145.png
Product-146,"Product-146 is a premium offering in the Electronics category, engineered with the highest quality materials and cutting-edge technology to ensure unparalleled performance. It boasts a refined design, meticulously crafted to meet rigorous industry standards and exceed customer expectations. Whether for professional use or everyday enjoyment, this product delivers consistency, durability, and exceptional value over its lifetime.",794.02,Electronics,product_146.png
Product-147,"Product-147 is a premium offering in the Groceries category, engineered with the highest quality materials and cutting-edge technology to ensure unparalleled performance. It boasts a refined design, meticulously crafted to meet rigorous industry standards and exceed customer expectations. Whether for professional use or everyday enjoyment, this product delivers consistency, durability, and exceptional value over its lifetime.",799.39,Groceries,product_147.png
Product-148,"Product-148 is a premium offering in the Clothing category, engineered with the highest quality materials and cutting-edge technology to ensure unparalleled performance. It boasts a refined design, meticulously crafted to meet rigorous industry standards and exceed customer expectations. Whether for professional use or everyday enjoyment, this product delivers consistency, durability, and exceptional value over its lifetime.",804.76,Clothing,product_148.png
Product-149,"Product-149 is a premium offering in the Furniture category, engineered with the highest quality materials and cutting-edge technology to ensure unparalleled performance. It boasts a refined design, meticulously crafted to meet rigorous industry standards and exceed customer expectations. Whether for professional use or everyday enjoyment, this product delivers consistency, durability, and exceptional value over its lifetime.",810.13,Furniture,product_149.png
Product-150,"Product-150 is a premium offering in the Home Appliances category, engineered with the highest quality materials and cutting-edge technology to ensure unparalleled performance. It boasts a refined design, meticulously crafted to meet rigorous industry standards and exceed customer expectations. Whether for professional use or everyday enjoyment, this product delivers consistency, durability, and exceptional value over its lifetime.",815.5,Home Appliances,product_150.png
Product-151,"Product-151 is a premium offering in the Electronics category, engineered with the highest quality materials and cutting-edge technology to ensure unparalleled performance. It boasts a refined design, meticulously crafted to meet rigorous industry standards and exceed customer expectations. Whether for professional use or everyday enjoyment, this product delivers consistency, durability, and exceptional value over its lifetime.",820.87,Electronics,product_151.png
Product-152,"Product-152 is a premium offering in the Groceries category, engineered with the highest quality materials and cutting-edge technology to ensure unparalleled performance. It boasts a refined design, meticulously crafted to meet rigorous industry standards and exceed customer expectations. Whether for professional use or everyday enjoyment, this product delivers consistency, durability, and exceptional value over its lifetime.",826.24,Groceries,product_152.png
Product-153,"Product-153 is a premium offering in the Clothing category, engineered with the highest quality materials and cutting-edge technology to ensure unparalleled performance. It boasts a refined design, meticulously crafted to meet rigorous industry standards and exceed customer expectations. Whether for professional use or everyday enjoyment, this product delivers consistency, durability, and exceptional value over its lifetime.",831.61,Clothing,product_153.png
Product-154,"Product-154 is a premium offering in the Furniture category, engineered with the highest quality materials and cutting-edge technology to ensure unparalleled performance. It boasts a refined design, meticulously crafted to meet rigorous industry standards and exceed customer expectations. Whether for professional use or everyday enjoyment, this product delivers consistency, durability, and exceptional value over its lifetime.",836.98,Furniture,product_154.png
Product-155,"Product-155 is a premium offering in the Home Appliances category, engineered with the highest quality materials and cutting-edge technology to ensure unparalleled performance. It boasts a refined design, meticulously crafted to meet rigorous industry standards and exceed customer expectations. Whether for professional use or everyday enjoyment, this product delivers consistency, durability, and exceptional value over its lifetime.",842.35,Home Appliances,product_155.png
Product-156,"Product-156 is a premium offering in the Electronics category, engineered with the highest quality materials and cutting-edge technology to ensure unparalleled performance. It boasts a refined design, meticulously crafted to meet rigorous industry standards and exceed customer expectations. Whether for professional use or everyday enjoyment, this product delivers consistency, durability, and exceptional value over its lifetime.",847.72,Electronics,product_156.png
Product-157,"Product-157 is a premium offering in the Groceries category, engineered with the highest quality materials and cutting-edge technology to ensure unparalleled performance. It boasts a refined design, meticulously crafted to meet rigorous industry standards and exceed customer expectations. Whether for professional use or everyday enjoyment, this product delivers consistency, durability, and exceptional value over its lifetime.",853.09,Groceries,product_157.png
Product-158,"Product-158 is a premium offering in the Clothing category, engineered with the highest quality materials and cutting-edge technology to ensure unparalleled performance. It boasts a refined design, meticulously crafted to meet rigorous industry standards and exceed customer expectations. Whether for professional use or everyday enjoyment, this product delivers consistency, durability, and exceptional value over its lifetime.",858.46,Clothing,product_158.png
Product-159,"Product-159 is a premium offering in the Furniture category, engineered with the highest quality materials and cutting-edge technology to ensure unparalleled performance. It boasts a refined design, meticulously crafted to meet rigorous industry standards and exceed customer expectations. Whether for professional use or everyday enjoyment, this product delivers consistency, durability, and exceptional value over its lifetime.",863.83,Furniture,product_159.png
Product-160,"Product-160 is a premium offering in the Home Appliances category, engineered with the highest quality materials and cutting-edge technology to ensure unparalleled performance. It boasts a refined design, meticulously crafted to meet rigorous industry standards and exceed customer expectations. Whether for professional use or everyday enjoyment, this product delivers consistency, durability, and exceptional value over its lifetime.",869.2,Home Appliances,product_160.png
Product-161,"Product-161 is a premium offering in the Electronics category, engineered with the highest quality materials and cutting-edge technology to ensure unparalleled performance. It boasts a refined design, meticulously crafted to meet rigorous industry standards and exceed customer expectations. Whether for professional use or everyday enjoyment, this product delivers consistency, durability, and exceptional value over its lifetime.",874.57,Electronics,product_161.png
Product-162,"Product-162 is a premium offering in the Groceries category, engineered with the highest quality materials and cutting-edge technology to ensure unparalleled performance. It boasts a refined design, meticulously crafted to meet rigorous industry standards and exceed customer expectations. Whether for professional use or everyday enjoyment, this product delivers consistency, durability, and exceptional value over its lifetime.",879.94,Groceries,product_162.png
Product-163,"Product-163 is a premium offering in the Clothing category, engineered with the highest quality materials and cutting-edge technology to ensure unparalleled performance. It boasts a refined design, meticulously crafted to meet rigorous industry standards and exceed customer expectations. Whether for professional use or everyday enjoyment, this product delivers consistency, durability, and exceptional value over its lifetime.",885.31,Clothing,product_163.png
Product-164,"Product-164 is a premium offering in the Furniture category, engineered with the highest quality materials and cutting-edge technology to ensure unparalleled performance. It boasts a refined design, meticulously crafted to meet rigorous industry standards and exceed customer expectations. Whether for professional use or everyday enjoyment, this product delivers consistency, durability, and exceptional value over its lifetime.",890.68,Furniture,product_164.png
Product-165,"Product-165 is a premium offering in the Home Appliances category, engineered with the highest quality materials and cutting-edge technology to ensure unparalleled performance. It boasts a refined design, meticulously crafted to meet rigorous industry standards and exceed customer expectations. Whether for professional use or everyday enjoyment, this product delivers consistency, durability, and exceptional value over its lifetime.",896.05,Home Appliances,product_165.png
Product-166,"Product-166 is a premium offering in the Electronics category, engineered with the highest quality materials and cutting-edge technology to ensure unparalleled performance. It boasts a refined design, meticulously crafted to meet rigorous industry standards and exceed customer expectations. Whether for professional use or everyday enjoyment, this product delivers consistency, durability, and exceptional value over its lifetime.",901.42,Electronics,product_166.png
Product-167,"Product-167 is a premium offering in the Groceries category, engineered with the highest quality materials and cutting-edge technology to ensure unparalleled performance. It boasts a refined design, meticulously crafted to meet rigorous industry standards and exceed customer expectations. Whether for professional use or everyday enjoyment, this product delivers consistency, durability, and exceptional value over its lifetime.",906.79,Groceries,product_167.png
Product-168,"Product-168 is a premium offering in the Clothing category, engineered with the highest quality materials and cutting-edge technology to ensure unparalleled performance. It boasts a refined design, meticulously crafted to meet rigorous industry standards and exceed customer expectations. Whether for professional use or everyday enjoyment, this product delivers consistency, durability, and exceptional value over its lifetime.",912.16,Clothing,product_168.png
Product-169,"Product-169 is a premium offering in the Furniture category, engineered with the highest quality materials and cutting-edge technology to ensure unparalleled performance. It boasts a refined design, meticulously crafted to meet rigorous industry standards and exceed customer expectations. Whether for professional use or everyday enjoyment, this product delivers consistency, durability, and exceptional value over its lifetime.",917.53,Furniture,product_169.png
Product-170,"Product-170 is a premium offering in the Home Appliances category, engineered with the highest quality materials and cutting-edge technology to ensure unparalleled performance. It boasts a refined design, meticulously crafted to meet rigorous industry standards and exceed customer expectations. Whether for professional use or everyday enjoyment, this product delivers consistency, durability, and exceptional value over its lifetime.",922.9,Home Appliances,product_170.png
Product-171,"Product-171 is a premium offering in the Electronics category, engineered with the highest quality materials and cutting-edge technology to ensure unparalleled performance. It boasts a refined design, meticulously crafted to meet rigorous industry standards and exceed customer expectations. Whether for professional use or everyday enjoyment, this product delivers consistency, durability, and exceptional value over its lifetime.",928.27,Electronics,product_171.png
Product-172,"Product-172 is a premium offering in the Groceries category, engineered with the highest quality materials and cutting-edge technology to ensure unparalleled performance. It boasts a refined design, meticulously crafted to meet rigorous industry standards and exceed customer expectations. Whether for professional use or everyday enjoyment, this product delivers consistency, durability, and exceptional value over its lifetime.",933.64,Groceries,product_172.png
Product-173,"Product-173 is a premium offering in the Clothing category, engineered with the highest quality materials and cutting-edge technology to ensure unparalleled performance. It boasts a refined design, meticulously crafted to meet rigorous industry standards and exceed customer expectations. Whether for professional use or everyday enjoyment, this product delivers consistency, durability, and exceptional value over its lifetime.",939.01,Clothing,product_173.png
Product-174,"Product-174 is a premium offering in the Furniture category, engineered with the highest quality materials and cutting-edge technology to ensure unparalleled performance. It boasts a refined design, meticulously crafted to meet rigorous industry standards and exceed customer expectations. Whether for professional use or everyday enjoyment, this product delivers consistency, durability, and exceptional value over its lifetime.",944.38,Furniture,product_174.png
Product-175,"Product-175 is a premium offering in the Home Appliances category, engineered with the highest quality materials and cutting-edge technology to ensure unparalleled performance. It boasts a refined design, meticulously crafted to meet rigorous industry standards and exceed customer expectations. Whether for professional use or everyday enjoyment, this product delivers consistency, durability, and exceptional value over its lifetime.",949.75,Home Appliances,product_175.png
Product-176,"Product-176 is a premium offering in the Electronics category, engineered with the highest quality materials and cutting-edge technology to ensure unparalleled performance. It boasts a refined design, meticulously crafted to meet rigorous industry standards and exceed customer expectations. Whether for professional use or everyday enjoyment, this product delivers consistency, durability, and exceptional value over its lifetime.",955.12,Electronics,product_176.png
Product-177,"Product-177 is a premium offering in the Groceries category, engineered with the highest quality materials and cutting-edge technology to ensure unparalleled performance. It boasts a refined design, meticulously crafted to meet rigorous industry standards and exceed customer expectations. Whether for professional use or everyday enjoyment, this product delivers consistency, durability, and exceptional value over its lifetime.",960.49,Groceries,product_177.png
Product-178,"Product-178 is a premium offering in the Clothing category, engineered with the highest quality materials and cutting-edge technology to ensure unparalleled performance. It boasts a refined design, meticulously crafted to meet rigorous industry standards and exceed customer expectations. Whether for professional use or everyday enjoyment, this product delivers consistency, durability, and exceptional value over its lifetime.",965.86,Clothing,product_178.png
Product-179,"Product-179 is a premium offering in the Furniture category, engineered with the highest quality materials and cutting-edge technology to ensure unparalleled performance. It boasts a refined design, meticulously crafted to meet rigorous industry standards and exceed customer expectations. Whether for professional use or everyday enjoyment, this product delivers consistency, durability, and exceptional value over its lifetime.",971.23,Furniture,product_179.png
Product-180,"Product-180 is a premium offering in the Home Appliances category, engineered with the highest quality materials and cutting-edge technology to ensure unparalleled performance. It boasts a refined design, meticulously crafted to meet rigorous industry standards and exceed customer expectations. Whether for professional use or everyday enjoyment, this product delivers consistency, durability, and exceptional value over its lifetime.",976.6,Home Appliances,product_180.png
Product-181,"Product-181 is a premium offering in the Electronics category, engineered with the highest quality materials and cutting-edge technology to ensure unparalleled performance. It boasts a refined design, meticulously crafted to meet rigorous industry standards and exceed customer expectations. Whether for professional use or everyday enjoyment, this product delivers consistency, durability, and exceptional value over its lifetime.",981.97,Electronics,product_181.png
Product-182,"Product-182 is a premium offering in the Groceries category, engineered with the highest quality materials and cutting-edge technology to ensure unparalleled performance. It boasts a refined design, meticulously crafted to meet rigorous industry standards and exceed customer expectations. Whether for professional use or everyday enjoyment, this product delivers consistency, durability, and exceptional value over its lifetime.",987.34,Groceries,product_182.png
Product-183,"Product-183 is a premium offering in the Clothing category, engineered with the highest quality materials and cutting-edge technology to ensure unparalleled performance. It boasts a refined design, meticulously crafted to meet rigorous industry standards and exceed customer expectations. Whether for professional use or everyday enjoyment, this product delivers consistency, durability, and exceptional value over its lifetime.",992.71,Clothing,product_183.png
Product-184,"Product-184 is a premium offering in the Furniture category, engineered with the highest quality materials and cutting-edge technology to ensure unparalleled performance. It boasts a refined design, meticulously crafted to meet rigorous industry standards and exceed customer expectations. Whether for professional use or everyday enjoyment, this product delivers consistency, durability, and exceptional value over its lifetime.",998.08,Furniture,product_184.png
Product-185,"Product-185 is a premium offering in the Home Appliances category, engineered with the highest quality materials and cutting-edge technology to ensure unparalleled performance. It boasts a refined design, meticulously crafted to meet rigorous industry standards and exceed customer expectations. Whether for professional use or everyday enjoyment, this product delivers consistency, durability, and exceptional value over its lifetime.",1003.45,Home Appliances,product_185.png
Product-186,"Product-186 is a premium offering in the Electronics category, engineered with the highest quality materials and cutting-edge technology to ensure unparalleled performance. It boasts a refined design, meticulously crafted to meet rigorous industry standards and exceed customer expectations. Whether for professional use or everyday enjoyment, this product delivers consistency, durability, and exceptional value over its lifetime.",1008.82,Electronics,product_186.png
Product-187,"Product-187 is a premium offering in the Groceries category, engineered with the highest quality materials and cutting-edge technology to ensure unparalleled performance. It boasts a refined design, meticulously crafted to meet rigorous industry standards and exceed customer expectations. Whether for professional use or everyday enjoyment, this product delivers consistency, durability, and exceptional value over its lifetime.",1014.19,Groceries,product_187.png
Product-188,"Product-188 is a premium offering in the Clothing category, engineered with the highest quality materials and cutting-edge technology to ensure unparalleled performance. It boasts a refined design, meticulously crafted to meet rigorous industry standards and exceed customer expectations. Whether for professional use or everyday enjoyment, this product delivers consistency, durability, and exceptional value over its lifetime.",1019.56,Clothing,product_188.png
Product-189,"Product-189 is a premium offering in the Furniture category, engineered with the highest quality materials and cutting-edge technology to ensure unparalleled performance. It boasts a refined design, meticulously crafted to meet rigorous industry standards and exceed customer expectations. Whether for professional use or everyday enjoyment, this product delivers consistency, durability, and exceptional value over its lifetime.",1024.93,Furniture,product_189.png
Product-190,"Product-190 is a premium offering in the Home Appliances category, engineered with the highest quality materials and cutting-edge technology to ensure unparalleled performance. It boasts a refined design, meticulously crafted to meet rigorous industry standards and exceed customer expectations. Whether for professional use or everyday enjoyment, this product delivers consistency, durability, and exceptional value over its lifetime.",1030.3,Home Appliances,product_190.png
Product-191,"Product-191 is a premium offering in the Electronics category, engineered with the highest quality materials and cutting-edge technology to ensure unparalleled performance. It boasts a refined design, meticulously crafted to meet rigorous industry standards and exceed customer expectations. Whether for professional use or everyday enjoyment, this product delivers consistency, durability, and exceptional value over its lifetime.",1035.67,Electronics,product_191.png
Product-192,"Product-192 is a premium offering in the Groceries category, engineered with the highest quality materials and cutting-edge technology to ensure unparalleled performance. It boasts a refined design, meticulously crafted to meet rigorous industry standards and exceed customer expectations. Whether for professional use or everyday enjoyment, this product delivers consistency, durability, and exceptional value over its lifetime.",1041.04,Groceries,product_192.png
Product-193,"Product-193 is a premium offering in the Clothing category, engineered with the highest quality materials and cutting-edge technology to ensure unparalleled performance. It boasts a refined design, meticulously crafted to meet rigorous industry standards and exceed customer expectations. Whether for professional use or everyday enjoyment, this product delivers consistency, durability, and exceptional value over its lifetime.",1046.41,Clothing,product_193.png
Product-194,"Product-194 is a premium offering in the Furniture category, engineered with the highest quality materials and cutting-edge technology to ensure unparalleled performance. It boasts a refined design, meticulously crafted to meet rigorous industry standards and exceed customer expectations. Whether for professional use or everyday enjoyment, this product delivers consistency, durability, and exceptional value over its lifetime.",1051.78,Furniture,product_194.png
Product-195,"Product-195 is a premium offering in the Home Appliances category, engineered with the highest quality materials and cutting-edge technology to ensure unparalleled performance. It boasts a refined design, meticulously crafted to meet rigorous industry standards and exceed customer expectations. Whether for professional use or everyday enjoyment, this product delivers consistency, durability, and exceptional value over its lifetime.",1057.15,Home Appliances,product_195.png
Product-196,"Product-196 is a premium offering in the Electronics category, engineered with the highest quality materials and cutting-edge technology to ensure unparalleled performance. It boasts a refined design, meticulously crafted to meet rigorous industry standards and exceed customer expectations. Whether for professional use or everyday enjoyment, this product delivers consistency, durability, and exceptional value over its lifetime.",1062.52,Electronics,product_196.png
Product-197,"Product-197 is a premium offering in the Groceries category, engineered with the highest quality materials and cutting-edge technology to ensure unparalleled performance. It boasts a refined design, meticulously crafted to meet rigorous industry standards and exceed customer expectations. Whether for professional use or everyday enjoyment, this product delivers consistency, durability, and exceptional value over its lifetime.",1067.89,Groceries,product_197.png
Product-198,"Product-198 is a premium offering in the Clothing category, engineered with the highest quality materials and cutting-edge technology to ensure unparalleled performance. It boasts a refined design, meticulously crafted to meet rigorous industry standards and exceed customer expectations. Whether for professional use or everyday enjoyment, this product delivers consistency, durability, and exceptional value over its lifetime.",1073.26,Clothing,product_198.png
Product-199,"Product-199 is a premium offering in the Furniture category, engineered with the highest quality materials and cutting-edge technology to ensure unparalleled performance. It boasts a refined design, meticulously crafted to meet rigorous industry standards and exceed customer expectations. Whether for professional use or everyday enjoyment, this product delivers consistency, durability, and exceptional value over its lifetime.",1078.63,Furniture,product_199.png
Product-200,"Product-200 is a premium offering in the Home Appliances category, engineered with the highest quality materials and cutting-edge technology to ensure unparalleled performance. It boasts a refined design, meticulously crafted to meet rigorous industry standards and exceed customer expectations. Whether for professional use or everyday enjoyment, this product delivers consistency, durability, and exceptional value over its lifetime.",1084.0,Home Appliances,product_200.png
